{"best_mean_auroc": 0.765314556470173, "lr": 9.99999993922529e-09}