{"best_mean_auroc": 0.7362766872118269, "lr": 1.000000082740371e-07}